RA;Nome do Aluno
1111111111113;Aluno C
1111111111114;Aluno D
1111111111121;Aluno E
1111111111122;Aluno F
1111111111123;Aluno G
1111111111124;Aluno H
1111111111131;Aluno I
1111111111132;Aluno J
1111111111133;Aluno K
1111111111134;Aluno L
1111111111141;Aluno M
1111111111142;Aluno N
1111111111143;Aluno O
1111111111144;Aluno P
1111111111151;Aluno Q
1111111111152;Aluno R
1111111111153;Aluno S
1111111111154;Aluno T
1111111111161;Aluno U
1111111111162;Aluno V
1111111111163;Aluno W
1111111111200;Adalberto
1111111111201;Aluno Ab
1111111111202;Aluno Ac
1111111111203;Aluno Ad
1111111111210;Aluno Ae
1111111111211;Aluno Af
1111111111220;Aluno Ag
1111111111221;Aluno Ah
1111111111222;Aluno Ai
1111111111223;Aluno Aj
1111111111230;Aluno Ak
1111111111300;Aluno Bb
1111111111301;Aluno Bc
1111111111112;AAAAAAA
1111111111400;Tadeu
